"","Date","total_trips"
"1",2015-04-17,15
"2",2015-04-18,26
"3",2015-04-19,7
"4",2015-04-20,10
"5",2015-04-21,14
"6",2015-04-22,10
"7",2015-04-23,23
"8",2015-04-24,24
"9",2015-04-25,8
"10",2015-04-26,23
"11",2015-04-27,26
"12",2015-04-28,35
"13",2015-04-29,33
"14",2015-04-30,25
"15",2015-05-01,25
"16",2015-05-02,33
"17",2015-05-03,22
"18",2015-05-04,34
"19",2015-05-05,23
"20",2015-05-06,17
"21",2015-05-07,30
"22",2015-05-08,22
"23",2015-05-09,20
"24",2015-05-10,26
"25",2015-05-11,22
"26",2015-05-12,34
"27",2015-05-13,28
"28",2015-05-14,31
"29",2015-05-15,19
"30",2015-05-16,31
"31",2015-05-17,33
"32",2015-05-18,50
"33",2015-05-19,34
"34",2015-05-20,21
"35",2015-05-21,47
"36",2015-05-22,45
"37",2015-05-23,39
"38",2015-05-24,47
"39",2015-05-25,43
"40",2015-05-26,36
"41",2015-05-27,51
"42",2015-05-28,59
"43",2015-05-29,35
"44",2015-05-30,11
"45",2015-05-31,18
"46",2015-06-01,48
"47",2015-06-02,41
"48",2015-06-03,60
"49",2015-06-04,47
"50",2015-06-05,37
"51",2015-06-06,41
"52",2015-06-07,27
"53",2015-06-08,28
"54",2015-06-09,63
"55",2015-06-10,61
"56",2015-06-11,35
"57",2015-06-12,28
"58",2015-06-13,30
"59",2015-06-14,22
"60",2015-06-15,16
"61",2015-06-16,33
"62",2015-06-17,35
"63",2015-06-18,28
"64",2015-06-19,26
"65",2015-06-20,15
"66",2015-06-21,28
"67",2015-06-22,41
"68",2015-06-23,72
"69",2015-06-24,60
"70",2015-06-25,50
"71",2015-06-26,25
"72",2015-06-27,43
"73",2015-06-28,37
"74",2015-06-29,57
"75",2015-06-30,77
"76",2015-07-01,40
"77",2015-07-02,62
"78",2015-07-03,60
"79",2015-07-04,43
"80",2015-07-05,75
"81",2015-07-06,64
"82",2015-07-07,68
"83",2015-07-08,56
"84",2015-07-09,51
"85",2015-07-10,54
"86",2015-07-11,36
"87",2015-07-12,41
"88",2015-07-13,49
"89",2015-07-14,47
"90",2015-07-15,70
"91",2015-07-16,49
"92",2015-07-17,55
"93",2015-07-18,35
"94",2015-07-19,41
"95",2015-07-20,63
"96",2015-07-21,65
"97",2015-07-22,41
"98",2015-07-23,55
"99",2015-07-24,56
"100",2015-07-25,25
"101",2015-07-26,45
"102",2015-07-27,34
"103",2015-07-28,46
"104",2015-07-29,45
"105",2015-07-30,77
"106",2015-07-31,65
"107",2015-08-01,49
"108",2015-08-02,42
"109",2015-08-03,55
"110",2015-08-04,45
"111",2015-08-05,43
"112",2015-08-06,42
"113",2015-08-07,68
"114",2015-08-08,39
"115",2015-08-09,45
"116",2015-08-10,47
"117",2015-08-11,87
"118",2015-08-12,64
"119",2015-08-13,64
"120",2015-08-14,49
"121",2015-08-15,31
"122",2015-08-16,52
"123",2015-08-17,59
"124",2015-08-18,57
"125",2015-08-19,60
"126",2015-08-20,67
"127",2015-08-21,86
"128",2015-08-22,34
"129",2015-08-23,39
"130",2015-08-24,51
"131",2015-08-25,49
"132",2015-08-26,59
"133",2015-08-27,66
"134",2015-08-28,54
"135",2015-08-29,22
"136",2015-08-30,47
"137",2015-08-31,46
"138",2015-09-01,77
"139",2015-09-02,68
"140",2015-09-03,70
"141",2015-09-04,66
"142",2015-09-05,45
"143",2015-09-06,47
"144",2015-09-07,34
"145",2015-09-08,65
"146",2015-09-09,48
"147",2015-09-10,55
"148",2015-09-11,37
"149",2015-09-12,21
"150",2015-09-13,41
"151",2015-09-14,54
"152",2015-09-15,57
"153",2015-09-16,69
"154",2015-09-17,49
"155",2015-09-18,43
"156",2015-09-19,60
"157",2015-09-20,60
"158",2015-09-21,48
"159",2015-09-22,74
"160",2015-09-23,66
"161",2015-09-24,89
"162",2015-09-25,75
"163",2015-09-26,65
"164",2015-09-27,56
"165",2015-09-28,103
"166",2015-09-29,66
"167",2015-09-30,80
"168",2015-10-01,72
"169",2015-10-02,63
"170",2015-10-03,39
"171",2015-10-04,47
"172",2015-10-05,73
"173",2015-10-06,100
"174",2015-10-07,74
"175",2015-10-08,83
"176",2015-10-09,96
"177",2015-10-10,50
"178",2015-10-11,85
"179",2015-10-12,99
"180",2015-10-13,90
"181",2015-10-14,78
"182",2015-10-15,88
"183",2015-10-16,93
"184",2015-10-17,55
"185",2015-10-18,52
"186",2015-10-19,82
"187",2015-10-20,85
"188",2015-10-21,82
"189",2015-10-22,81
"190",2015-10-23,83
"191",2015-10-24,61
"192",2015-10-25,79
"193",2015-10-26,82
"194",2015-10-27,90
"195",2015-10-28,71
"196",2015-10-29,69
"197",2015-10-30,82
"198",2015-10-31,15
"199",2015-11-01,61
"200",2015-11-02,89
"201",2015-11-03,95
"202",2015-11-04,85
"203",2015-11-05,62
"204",2015-11-06,75
"205",2015-11-07,36
"206",2015-11-08,47
"207",2015-11-09,56
"208",2015-11-10,77
"209",2015-11-11,70
"210",2015-11-12,56
"211",2015-11-13,60
"212",2015-11-14,26
"213",2015-11-15,46
"214",2015-11-16,73
"215",2015-11-17,52
"216",2015-11-18,85
"217",2015-11-19,54
"218",2015-11-20,53
"219",2015-11-21,5
"220",2015-11-22,8
"221",2015-11-23,42
"222",2015-11-24,57
"223",2015-11-25,52
"224",2015-11-26,11
"225",2015-11-27,10
"226",2015-11-28,26
"227",2015-11-29,32
"228",2015-11-30,4
"229",2015-12-01,49
"230",2015-12-02,42
"231",2015-12-03,62
"232",2015-12-04,30
"233",2015-12-05,24
"234",2015-12-06,29
"235",2015-12-07,44
"236",2015-12-08,64
"237",2015-12-09,48
"238",2015-12-10,38
"239",2015-12-11,47
"240",2015-12-12,15
"241",2015-12-13,9
"242",2015-12-14,18
"243",2015-12-15,30
"244",2015-12-16,22
"245",2015-12-17,22
"246",2015-12-18,14
"247",2015-12-19,9
"248",2015-12-20,13
"249",2015-12-21,17
"250",2015-12-22,16
"251",2015-12-23,13
"252",2015-12-24,11
"253",2015-12-25,1
"254",2015-12-26,2
"255",2015-12-27,3
"256",2015-12-28,2
"257",2015-12-29,9
"258",2015-12-30,8
"259",2015-12-31,2
"260",2016-01-01,1
"261",2016-01-02,5
"262",2016-01-03,13
"263",2016-01-04,31
"264",2016-01-05,39
"265",2016-01-06,41
"266",2016-01-07,50
"267",2016-01-08,35
"268",2016-01-09,12
"269",2016-01-10,7
"270",2016-01-11,25
"271",2016-01-12,18
"272",2016-01-13,25
"273",2016-01-14,45
"274",2016-01-15,33
"275",2016-01-16,14
"276",2016-01-17,13
"277",2016-01-18,11
"278",2016-01-19,33
"279",2016-01-20,25
"280",2016-01-21,31
"281",2016-01-22,27
"282",2016-01-23,16
"283",2016-01-24,24
"284",2016-01-25,30
"285",2016-01-26,50
"286",2016-01-27,46
"287",2016-01-28,48
"288",2016-01-29,42
"289",2016-01-30,12
"290",2016-01-31,11
"291",2016-02-01,38
"292",2016-02-02,31
"293",2016-02-03,42
"294",2016-02-04,48
"295",2016-02-05,57
"296",2016-02-06,19
"297",2016-02-07,21
"298",2016-02-08,33
"299",2016-02-09,30
"300",2016-02-10,30
"301",2016-02-11,45
"302",2016-02-12,34
"303",2016-02-13,19
"304",2016-02-14,6
"305",2016-02-15,25
"306",2016-02-16,25
"307",2016-02-17,39
"308",2016-02-18,43
"309",2016-02-19,53
"310",2016-02-20,53
"311",2016-02-21,34
"312",2016-02-22,47
"313",2016-02-23,42
"314",2016-02-24,26
"315",2016-02-25,30
"316",2016-02-26,26
"317",2016-02-27,33
"318",2016-02-28,24
"319",2016-02-29,29
"320",2016-03-01,20
"321",2016-03-02,32
"322",2016-03-03,29
"323",2016-03-04,37
"324",2016-03-05,30
"325",2016-03-06,41
"326",2016-03-07,77
"327",2016-03-08,67
"328",2016-03-09,67
"329",2016-03-10,56
"330",2016-03-11,50
"331",2016-03-12,20
"332",2016-03-13,15
"333",2016-03-14,43
"334",2016-03-15,47
"335",2016-03-16,37
"336",2016-03-17,52
"337",2016-03-18,38
"338",2016-03-19,18
"339",2016-03-20,13
"340",2016-03-21,57
"341",2016-03-22,33
"342",2016-03-23,22
"343",2016-03-24,16
"344",2016-03-25,28
"345",2016-03-26,21
"346",2016-03-27,16
"347",2016-03-28,66
"348",2016-03-29,57
"349",2016-03-30,41
"350",2016-03-31,41
"351",2016-04-01,49
"352",2016-04-02,20
"353",2016-04-03,32
"354",2016-04-04,44
"355",2016-04-05,47
"356",2016-04-06,31
"357",2016-04-07,37
"358",2016-04-08,33
"359",2016-04-09,21
"360",2016-04-10,24
"361",2016-04-11,39
"362",2016-04-12,57
"363",2016-04-13,71
"364",2016-04-14,66
"365",2016-04-15,61
"366",2016-04-16,49
"367",2016-04-17,65
"368",2016-04-18,72
"369",2016-04-19,59
"370",2016-04-20,75
"371",2016-04-21,57
"372",2016-04-22,57
"373",2016-04-23,48
"374",2016-04-24,63
"375",2016-04-25,50
"376",2016-04-26,61
"377",2016-04-27,45
"378",2016-04-28,39
"379",2016-04-29,40
"380",2016-04-30,9
"381",2016-05-01,17
"382",2016-05-02,52
"383",2016-05-03,58
"384",2016-05-04,50
"385",2016-05-05,54
"386",2016-05-06,81
"387",2016-05-07,41
"388",2016-05-08,35
"389",2016-05-09,42
"390",2016-05-10,30
"391",2016-05-11,61
"392",2016-05-12,65
"393",2016-05-13,86
"394",2016-05-14,29
"395",2016-05-15,41
"396",2016-05-16,71
"397",2016-05-17,54
"398",2016-05-18,59
"399",2016-05-19,78
"400",2016-05-20,72
"401",2016-05-21,46
"402",2016-05-22,72
"403",2016-05-23,61
"404",2016-05-24,91
"405",2016-05-25,31
"406",2016-05-26,45
"407",2016-05-27,71
"408",2016-05-28,39
"409",2016-05-29,52
"410",2016-05-30,68
"411",2016-05-31,54
"412",2016-06-01,62
"413",2016-06-02,75
"414",2016-06-03,81
"415",2016-06-04,38
"416",2016-06-05,59
"417",2016-06-06,55
"418",2016-06-07,91
"419",2016-06-08,56
"420",2016-06-09,61
"421",2016-06-10,73
"422",2016-06-11,37
"423",2016-06-12,26
"424",2016-06-13,53
"425",2016-06-14,49
"426",2016-06-15,58
"427",2016-06-16,70
"428",2016-06-17,52
"429",2016-06-18,27
"430",2016-06-19,21
"431",2016-06-20,58
"432",2016-06-21,57
"433",2016-06-22,50
"434",2016-06-23,67
"435",2016-06-24,60
"436",2016-06-25,30
"437",2016-06-26,26
"438",2016-06-27,53
"439",2016-06-28,64
"440",2016-06-29,50
"441",2016-06-30,53
"442",2016-07-01,63
"443",2016-07-02,56
"444",2016-07-03,40
"445",2016-07-04,37
"446",2016-07-05,55
"447",2016-07-06,56
"448",2016-07-07,70
"449",2016-07-08,60
"450",2016-07-09,29
"451",2016-07-10,44
"452",2016-07-11,70
"453",2016-07-12,61
"454",2016-07-13,67
"455",2016-07-14,52
"456",2016-07-15,68
"457",2016-07-16,34
"458",2016-07-17,35
"459",2016-07-18,86
"460",2016-07-19,62
"461",2016-07-20,72
"462",2016-07-21,64
"463",2016-07-22,72
"464",2016-07-23,14
"465",2016-07-24,22
"466",2016-07-25,58
"467",2016-07-26,69
"468",2016-07-27,58
"469",2016-07-28,57
"470",2016-07-29,45
"471",2016-07-30,47
"472",2016-07-31,26
"473",2016-08-01,72
"474",2016-08-02,53
"475",2016-08-03,57
"476",2016-08-04,37
"477",2016-08-05,70
"478",2016-08-06,30
"479",2016-08-07,42
"480",2016-08-08,54
"481",2016-08-09,59
"482",2016-08-10,54
"483",2016-08-11,61
"484",2016-08-12,47
"485",2016-08-13,19
"486",2016-08-14,60
"487",2016-08-15,35
"488",2016-08-16,49
"489",2016-08-17,99
"490",2016-08-18,86
"491",2016-08-19,71
"492",2016-08-20,31
"493",2016-08-21,33
"494",2016-08-22,62
"495",2016-08-23,48
"496",2016-08-24,41
"497",2016-08-25,48
"498",2016-08-26,56
"499",2016-08-27,37
"500",2016-08-28,22
"501",2016-08-29,68
"502",2016-08-30,64
"503",2016-08-31,59
"504",2016-09-01,40
"505",2016-09-02,58
"506",2016-09-03,43
"507",2016-09-04,41
"508",2016-09-05,31
"509",2016-09-06,50
"510",2016-09-07,52
"511",2016-09-08,48
"512",2016-09-09,42
"513",2016-09-10,15
"514",2016-09-11,21
"515",2016-09-12,54
"516",2016-09-13,76
"517",2016-09-14,65
"518",2016-09-15,57
"519",2016-09-16,63
"520",2016-09-17,42
"521",2016-09-18,66
"522",2016-09-19,52
"523",2016-09-20,48
"524",2016-09-21,54
"525",2016-09-22,79
"526",2016-09-23,55
"527",2016-09-24,34
"528",2016-09-25,41
"529",2016-09-26,78
"530",2016-09-27,72
"531",2016-09-28,66
"532",2016-09-29,61
"533",2016-09-30,62
"534",2016-10-01,29
"535",2016-10-02,32
"536",2016-10-03,62
"537",2016-10-04,84
"538",2016-10-05,79
"539",2016-10-06,34
"540",2016-10-07,72
"541",2016-10-08,26
"542",2016-10-09,47
"543",2016-10-10,98
"544",2016-10-11,78
"545",2016-10-12,54
"546",2016-10-13,61
"547",2016-10-14,73
"548",2016-10-15,58
"549",2016-10-16,38
"550",2016-10-17,60
"551",2016-10-18,88
"552",2016-10-19,81
"553",2016-10-20,70
"554",2016-10-21,61
"555",2016-10-22,52
"556",2016-10-23,40
"557",2016-10-24,65
"558",2016-10-25,70
"559",2016-10-26,37
"560",2016-10-27,73
"561",2016-10-28,59
"562",2016-10-29,45
"563",2016-10-30,42
"564",2016-10-31,68
"565",2016-11-01,85
"566",2016-11-02,52
"567",2016-11-03,60
"568",2016-11-04,57
"569",2016-11-05,61
"570",2016-11-06,37
"571",2016-11-07,73
"572",2016-11-08,55
"573",2016-11-09,65
"574",2016-11-10,65
"575",2016-11-11,44
"576",2016-11-12,44
"577",2016-11-13,29
"578",2016-11-14,54
"579",2016-11-15,47
"580",2016-11-16,65
"581",2016-11-17,58
"582",2016-11-18,42
"583",2016-11-19,20
"584",2016-11-20,32
"585",2016-11-21,36
"586",2016-11-22,45
"587",2016-11-23,32
"588",2016-11-24,9
"589",2016-11-25,12
"590",2016-11-26,20
"591",2016-11-27,22
"592",2016-11-28,24
"593",2016-11-29,54
"594",2016-11-30,41
"595",2016-12-01,37
"596",2016-12-02,41
"597",2016-12-03,26
"598",2016-12-04,10
"599",2016-12-05,33
"600",2016-12-06,43
"601",2016-12-07,23
"602",2016-12-08,26
"603",2016-12-09,20
"604",2016-12-10,11
"605",2016-12-12,13
"606",2016-12-13,8
"607",2016-12-14,5
"608",2016-12-15,7
"609",2016-12-16,2
"610",2016-12-17,3
"611",2016-12-18,2
"612",2016-12-20,6
"613",2016-12-21,4
"614",2016-12-22,11
"615",2016-12-23,4
"616",2016-12-24,4
"617",2016-12-25,2
"618",2016-12-26,2
"619",2016-12-27,11
"620",2016-12-28,6
"621",2016-12-29,12
"622",2016-12-30,5
"623",2017-01-01,2
"624",2017-01-02,16
"625",2017-01-03,32
"626",2017-01-04,17
"627",2017-01-05,27
"628",2017-01-06,19
"629",2017-01-07,17
"630",2017-01-08,10
"631",2017-01-09,19
"632",2017-01-10,28
"633",2017-01-11,19
"634",2017-01-12,19
"635",2017-01-13,22
"636",2017-01-14,14
"637",2017-01-15,20
"638",2017-01-16,9
"639",2017-01-17,34
"640",2017-01-18,34
"641",2017-01-19,35
"642",2017-01-20,25
"643",2017-01-21,29
"644",2017-01-22,23
"645",2017-01-23,40
"646",2017-01-24,33
"647",2017-01-25,31
"648",2017-01-26,25
"649",2017-01-27,24
"650",2017-01-28,11
"651",2017-01-29,8
"652",2017-01-30,29
"653",2017-01-31,33
"654",2017-02-01,45
"655",2017-02-02,34
"656",2017-02-03,29
"657",2017-02-04,17
"658",2017-02-05,13
"659",2017-02-06,40
"660",2017-02-07,27
"661",2017-02-08,30
"662",2017-02-09,46
"663",2017-02-10,25
"664",2017-02-11,30
"665",2017-02-12,10
"666",2017-02-13,42
"667",2017-02-14,37
"668",2017-02-15,47
"669",2017-02-16,50
"670",2017-02-17,44
"671",2017-02-18,38
"672",2017-02-19,16
"673",2017-02-20,66
"674",2017-02-21,61
"675",2017-02-22,66
"676",2017-02-23,49
"677",2017-02-24,34
"678",2017-02-25,15
"679",2017-02-26,13
"680",2017-02-27,59
"681",2017-02-28,37
"682",2017-03-01,33
"683",2017-03-02,41
"684",2017-03-03,31
"685",2017-03-04,19
"686",2017-03-05,12
"687",2017-03-06,55
"688",2017-03-07,59
"689",2017-03-08,40
"690",2017-03-09,50
"691",2017-03-10,36
"692",2017-03-11,15
"693",2017-03-12,17
"694",2017-03-13,12
"695",2017-03-14,10
"696",2017-03-15,16
"697",2017-03-16,35
"698",2017-03-17,24
"699",2017-03-18,6
"700",2017-03-19,16
"701",2017-03-20,25
"702",2017-03-21,28
"703",2017-03-22,22
"704",2017-03-23,26
"705",2017-03-24,31
"706",2017-03-25,4
"707",2017-03-26,12
"708",2017-03-27,51
"709",2017-03-28,53
"710",2017-03-29,46
"711",2017-03-30,48
"712",2017-03-31,50
"713",2017-04-01,25
"714",2017-04-02,27
"715",2017-04-03,46
"716",2017-04-04,46
"717",2017-04-05,14
"718",2017-04-06,66
"719",2017-04-07,55
"720",2017-04-08,35
"721",2017-04-09,39
"722",2017-04-10,60
"723",2017-04-11,66
"724",2017-04-12,59
"725",2017-04-13,48
"726",2017-04-14,49
"727",2017-04-15,57
"728",2017-04-16,48
"729",2017-04-17,56
"730",2017-04-18,62
"731",2017-04-19,59
"732",2017-04-20,86
"733",2017-04-21,62
"734",2017-04-22,44
"735",2017-04-23,61
"736",2017-04-24,66
"737",2017-04-25,75
"738",2017-04-26,62
"739",2017-04-27,50
"740",2017-04-28,40
"741",2017-04-29,21
"742",2017-04-30,22
"743",2017-05-01,39
"744",2017-05-02,59
"745",2017-05-03,59
"746",2017-05-04,62
"747",2017-05-05,48
"748",2017-05-06,62
"749",2017-05-07,42
"750",2017-05-08,67
"751",2017-05-09,58
"752",2017-05-10,49
"753",2017-05-11,60
"754",2017-05-12,68
"755",2017-05-13,56
"756",2017-05-14,45
"757",2017-05-15,69
"758",2017-05-16,80
"759",2017-05-17,51
"760",2017-05-18,79
"761",2017-05-19,25
"762",2017-05-20,24
"763",2017-05-21,21
"764",2017-05-22,80
"765",2017-05-23,41
"766",2017-05-24,42
"767",2017-05-25,67
"768",2017-05-26,60
"769",2017-05-27,69
"770",2017-05-28,59
"771",2017-05-29,64
"772",2017-05-30,68
"773",2017-05-31,73
"774",2017-06-01,76
"775",2017-06-02,73
"776",2017-06-03,82
"777",2017-06-04,60
"778",2017-06-05,80
"779",2017-06-06,66
"780",2017-06-07,80
"781",2017-06-08,87
"782",2017-06-09,56
"783",2017-06-10,46
"784",2017-06-11,28
"785",2017-06-12,59
"786",2017-06-13,72
"787",2017-06-14,38
"788",2017-06-15,60
"789",2017-06-16,41
"790",2017-06-17,28
"791",2017-06-18,26
"792",2017-06-19,70
"793",2017-06-20,64
"794",2017-06-21,77
"795",2017-06-22,96
"796",2017-06-23,68
"797",2017-06-24,39
"798",2017-06-25,27
"799",2017-06-26,78
"800",2017-06-27,73
"801",2017-06-28,75
"802",2017-06-29,73
"803",2017-06-30,55
"804",2017-07-01,39
"805",2017-07-02,47
"806",2017-07-03,103
"807",2017-07-04,71
"808",2017-07-05,80
"809",2017-07-06,96
"810",2017-07-07,71
"811",2017-07-08,44
"812",2017-07-09,47
"813",2017-07-10,65
"814",2017-07-11,72
"815",2017-07-12,69
"816",2017-07-13,75
"817",2017-07-14,64
"818",2017-07-15,35
"819",2017-07-16,44
"820",2017-07-17,78
"821",2017-07-18,69
"822",2017-07-19,97
"823",2017-07-20,58
"824",2017-07-21,72
"825",2017-07-22,45
"826",2017-07-23,54
"827",2017-07-24,74
"828",2017-07-25,79
"829",2017-07-26,67
"830",2017-07-27,82
"831",2017-07-28,82
"832",2017-07-29,37
"833",2017-07-30,25
"834",2017-07-31,68
"835",2017-08-01,70
"836",2017-08-02,94
"837",2017-08-03,57
"838",2017-08-04,78
"839",2017-08-05,58
"840",2017-08-06,50
"841",2017-08-07,65
"842",2017-08-08,88
"843",2017-08-09,84
"844",2017-08-10,93
"845",2017-08-11,84
"846",2017-08-12,67
"847",2017-08-13,61
"848",2017-08-14,61
"849",2017-08-15,76
"850",2017-08-16,63
"851",2017-08-17,63
"852",2017-08-18,78
"853",2017-08-19,46
"854",2017-08-20,56
"855",2017-08-21,64
"856",2017-08-22,63
"857",2017-08-23,98
"858",2017-08-24,81
"859",2017-08-25,69
"860",2017-08-26,32
"861",2017-08-27,28
"862",2017-08-28,63
"863",2017-08-29,72
"864",2017-08-30,75
"865",2017-08-31,79
"866",2017-09-01,82
"867",2017-09-02,31
"868",2017-09-03,40
"869",2017-09-04,36
"870",2017-09-05,45
"871",2017-09-06,85
"872",2017-09-07,61
"873",2017-09-08,74
"874",2017-09-09,39
"875",2017-09-10,42
"876",2017-09-11,77
"877",2017-09-12,69
"878",2017-09-13,78
"879",2017-09-14,68
"880",2017-09-15,75
"881",2017-09-16,31
"882",2017-09-17,41
"883",2017-09-18,91
"884",2017-09-19,82
"885",2017-09-20,79
"886",2017-09-21,106
"887",2017-09-22,115
"888",2017-09-23,81
"889",2017-09-24,66
"890",2017-09-25,108
"891",2017-09-26,112
"892",2017-09-27,114
"893",2017-09-28,134
"894",2017-09-29,104
"895",2017-09-30,62
"896",2017-10-01,80
"897",2017-10-02,133
"898",2017-10-03,100
"899",2017-10-04,119
"900",2017-10-05,124
"901",2017-10-06,91
"902",2017-10-07,53
"903",2017-10-08,85
"904",2017-10-09,144
"905",2017-10-10,121
"906",2017-10-11,85
"907",2017-10-12,112
"908",2017-10-13,112
"909",2017-10-14,23
"910",2017-10-15,68
"911",2017-10-16,114
"912",2017-10-17,112
"913",2017-10-18,134
"914",2017-10-19,114
"915",2017-10-20,119
"916",2017-10-21,86
"917",2017-10-22,58
"918",2017-10-23,61
"919",2017-10-24,45
"920",2017-10-25,124
"921",2017-10-26,115
"922",2017-10-27,83
"923",2017-10-28,52
"924",2017-10-29,52
"925",2017-10-30,90
"926",2017-10-31,84
"927",2017-11-01,83
"928",2017-11-02,84
"929",2017-11-03,93
"930",2017-11-04,21
"931",2017-11-05,50
"932",2017-11-06,76
"933",2017-11-07,98
"934",2017-11-08,83
"935",2017-11-09,70
"936",2017-11-10,45
"937",2017-11-11,40
"938",2017-11-12,34
"939",2017-11-13,69
"940",2017-11-14,69
"941",2017-11-15,60
"942",2017-11-16,68
"943",2017-11-17,54
"944",2017-11-18,18
"945",2017-11-19,30
"946",2017-11-20,69
"947",2017-11-21,60
"948",2017-11-22,49
"949",2017-11-23,16
"950",2017-11-24,20
"951",2017-11-25,21
"952",2017-11-26,34
"953",2017-11-27,81
"954",2017-11-28,92
"955",2017-11-29,84
"956",2017-11-30,69
"957",2017-12-01,78
"958",2017-12-02,49
"959",2017-12-03,49
"960",2017-12-04,59
"961",2017-12-05,46
"962",2017-12-06,48
"963",2017-12-07,50
"964",2017-12-08,51
"965",2017-12-09,15
"966",2017-12-10,11
"967",2017-12-11,32
"968",2017-12-12,33
"969",2017-12-13,22
"970",2017-12-14,26
"971",2017-12-15,25
"972",2017-12-16,13
"973",2017-12-17,9
"974",2017-12-18,26
"975",2017-12-19,29
"976",2017-12-20,23
"977",2017-12-21,31
"978",2017-12-22,17
"979",2017-12-23,9
"980",2017-12-24,3
"981",2017-12-25,1
"982",2017-12-26,2
"983",2017-12-27,1
"984",2017-12-28,5
"985",2017-12-31,1
"986",2018-01-01,2
"987",2018-01-02,9
"988",2018-01-03,19
"989",2018-01-04,21
"990",2018-01-05,25
"991",2018-01-06,8
"992",2018-01-07,6
"993",2018-01-08,31
"994",2018-01-09,35
"995",2018-01-10,36
"996",2018-01-11,42
"997",2018-01-12,31
"998",2018-01-13,17
"999",2018-01-14,16
"1000",2018-01-15,11
"1001",2018-01-16,26
"1002",2018-01-17,33
"1003",2018-01-18,35
"1004",2018-01-19,37
"1005",2018-01-20,19
"1006",2018-01-21,24
"1007",2018-01-22,49
"1008",2018-01-23,29
"1009",2018-01-24,43
"1010",2018-01-25,53
"1011",2018-01-26,62
"1012",2018-01-27,34
"1013",2018-01-28,36
"1014",2018-01-29,40
"1015",2018-01-30,41
"1016",2018-01-31,47
"1017",2018-02-01,43
"1018",2018-02-02,37
"1019",2018-02-03,15
"1020",2018-02-04,4
"1021",2018-02-05,25
"1022",2018-02-06,23
"1023",2018-02-07,24
"1024",2018-02-08,30
"1025",2018-02-09,5
"1026",2018-02-10,5
"1027",2018-02-11,2
"1028",2018-02-12,17
"1029",2018-02-13,29
"1030",2018-02-14,53
"1031",2018-02-15,52
"1032",2018-02-16,43
"1033",2018-02-17,15
"1034",2018-02-18,27
"1035",2018-02-19,34
"1036",2018-02-20,40
"1037",2018-02-21,36
"1038",2018-02-22,58
"1039",2018-02-23,42
"1040",2018-02-24,24
"1041",2018-02-25,37
"1042",2018-02-26,65
"1043",2018-02-27,65
"1044",2018-02-28,79
"1045",2018-03-01,27
"1046",2018-03-02,55
"1047",2018-03-03,24
"1048",2018-03-04,27
"1049",2018-03-05,48
"1050",2018-03-06,46
"1051",2018-03-07,45
"1052",2018-03-08,67
"1053",2018-03-09,66
"1054",2018-03-10,30
"1055",2018-03-11,26
"1056",2018-03-12,59
"1057",2018-03-13,44
"1058",2018-03-14,40
"1059",2018-03-15,57
"1060",2018-03-16,50
"1061",2018-03-17,18
"1062",2018-03-18,12
"1063",2018-03-19,33
"1064",2018-03-20,30
"1065",2018-03-21,47
"1066",2018-03-22,34
"1067",2018-03-23,25
"1068",2018-03-24,6
"1069",2018-03-25,12
"1070",2018-03-26,52
"1071",2018-03-27,70
"1072",2018-03-28,70
"1073",2018-03-29,62
"1074",2018-03-30,56
"1075",2018-03-31,29
"1076",2018-04-01,18
"1077",2018-04-02,60
"1078",2018-04-03,38
"1079",2018-04-04,31
"1080",2018-04-05,54
"1081",2018-04-06,55
"1082",2018-04-07,22
"1083",2018-04-08,22
"1084",2018-04-09,56
"1085",2018-04-10,73
"1086",2018-04-11,80
"1087",2018-04-12,69
"1088",2018-04-13,74
"1089",2018-04-14,29
"1090",2018-04-15,19
"1091",2018-04-16,44
"1092",2018-04-17,75
"1093",2018-04-18,50
"1094",2018-04-19,78
"1095",2018-04-20,77
"1096",2018-04-21,46
"1097",2018-04-22,56
"1098",2018-04-23,72
"1099",2018-04-24,86
"1100",2018-04-25,85
"1101",2018-04-26,92
"1102",2018-04-27,64
"1103",2018-04-28,55
"1104",2018-04-29,44
"1105",2018-04-30,114
"1106",2018-05-01,121
"1107",2018-05-02,88
"1108",2018-05-03,88
"1109",2018-05-04,81
"1110",2018-05-05,98
"1111",2018-05-06,47
"1112",2018-05-07,94
"1113",2018-05-08,82
"1114",2018-05-09,80
"1115",2018-05-10,89
"1116",2018-05-11,74
"1117",2018-05-12,48
"1118",2018-05-13,49
"1119",2018-05-14,72
"1120",2018-05-15,96
"1121",2018-05-16,107
"1122",2018-05-17,111
"1123",2018-05-18,73
"1124",2018-05-19,46
"1125",2018-05-20,50
"1126",2018-05-21,37
"1127",2018-05-22,97
"1128",2018-05-23,92
"1129",2018-05-24,121
"1130",2018-05-25,93
"1131",2018-05-26,61
"1132",2018-05-27,75
"1133",2018-05-28,86
"1134",2018-05-29,132
"1135",2018-05-30,102
"1136",2018-05-31,115
"1137",2018-06-01,106
"1138",2018-06-02,77
"1139",2018-06-03,55
"1140",2018-06-04,130
"1141",2018-06-05,90
"1142",2018-06-06,84
"1143",2018-06-07,102
"1144",2018-06-08,42
"1145",2018-06-09,28
"1146",2018-06-10,17
"1147",2018-06-11,51
"1148",2018-06-12,49
"1149",2018-06-13,66
"1150",2018-06-14,51
"1151",2018-06-15,68
"1152",2018-06-16,41
"1153",2018-06-17,32
"1154",2018-06-18,69
"1155",2018-06-19,77
"1156",2018-06-20,94
"1157",2018-06-21,15
"1158",2018-06-22,26
"1159",2018-06-23,36
"1160",2018-06-24,34
"1161",2018-06-25,70
"1162",2018-06-26,66
"1163",2018-06-27,79
"1164",2018-06-28,87
"1165",2018-06-29,87
"1166",2018-06-30,62
"1167",2018-07-01,37
"1168",2018-07-02,82
"1169",2018-07-03,53
"1170",2018-07-04,47
"1171",2018-07-05,69
"1172",2018-07-06,77
"1173",2018-07-07,31
"1174",2018-07-08,28
"1175",2018-07-09,79
"1176",2018-07-10,88
"1177",2018-07-11,70
"1178",2018-07-12,71
"1179",2018-07-13,66
"1180",2018-07-14,26
"1181",2018-07-15,43
"1182",2018-07-16,83
"1183",2018-07-17,77
"1184",2018-07-18,90
"1185",2018-07-19,69
"1186",2018-07-20,58
"1187",2018-07-21,24
"1188",2018-07-22,27
"1189",2018-07-23,61
"1190",2018-07-24,80
"1191",2018-07-25,87
"1192",2018-07-26,88
"1193",2018-07-27,78
"1194",2018-07-28,42
"1195",2018-07-29,46
"1196",2018-07-30,78
"1197",2018-07-31,83
"1198",2018-08-01,83
"1199",2018-08-02,75
"1200",2018-08-03,56
"1201",2018-08-04,55
"1202",2018-08-05,34
"1203",2018-08-06,73
"1204",2018-08-07,54
"1205",2018-08-08,87
"1206",2018-08-09,78
"1207",2018-08-10,79
"1208",2018-08-11,39
"1209",2018-08-12,52
"1210",2018-08-13,76
"1211",2018-08-14,83
"1212",2018-08-15,75
"1213",2018-08-16,81
"1214",2018-08-17,71
"1215",2018-08-18,68
"1216",2018-08-19,38
"1217",2018-08-20,45
"1218",2018-08-21,86
"1219",2018-08-22,90
"1220",2018-08-23,86
"1221",2018-08-24,156
"1222",2018-08-25,98
"1223",2018-08-26,144
"1224",2018-08-27,159
"1225",2018-08-28,186
"1226",2018-08-29,147
"1227",2018-08-30,121
"1228",2018-08-31,139
"1229",2018-09-01,45
"1230",2018-09-02,104
"1231",2018-09-03,114
"1232",2018-09-04,117
"1233",2018-09-05,122
"1234",2018-09-06,96
"1235",2018-09-07,150
"1236",2018-09-08,81
"1237",2018-09-09,129
"1238",2018-09-10,144
"1239",2018-09-11,187
"1240",2018-09-12,152
"1241",2018-09-13,152
"1242",2018-09-14,129
"1243",2018-09-15,55
"1244",2018-09-16,85
"1245",2018-09-17,149
"1246",2018-09-18,177
"1247",2018-09-19,141
"1248",2018-09-20,174
"1249",2018-09-21,110
"1250",2018-09-22,62
"1251",2018-09-23,62
"1252",2018-09-24,125
"1253",2018-09-25,93
"1254",2018-09-26,91
"1255",2018-09-27,66
"1256",2018-09-28,43
"1257",2018-09-29,60
"1258",2018-09-30,57
"1259",2018-10-01,136
"1260",2018-10-02,128
"1261",2018-10-03,143
"1262",2018-10-04,132
"1263",2018-10-05,86
"1264",2018-10-06,53
"1265",2018-10-07,70
"1266",2018-10-08,150
"1267",2018-10-09,136
"1268",2018-10-10,109
"1269",2018-10-11,127
"1270",2018-10-12,81
"1271",2018-10-13,66
"1272",2018-10-14,71
"1273",2018-10-15,99
"1274",2018-10-16,117
"1275",2018-10-17,122
"1276",2018-10-18,118
"1277",2018-10-19,93
"1278",2018-10-20,48
"1279",2018-10-21,68
"1280",2018-10-22,108
"1281",2018-10-23,147
"1282",2018-10-24,122
"1283",2018-10-25,121
"1284",2018-10-26,107
"1285",2018-10-27,57
"1286",2018-10-28,57
"1287",2018-10-29,135
"1288",2018-10-30,112
"1289",2018-10-31,119
"1290",2018-11-01,121
"1291",2018-11-02,97
"1292",2018-11-03,77
"1293",2018-11-04,29
"1294",2018-11-05,123
"1295",2018-11-06,95
"1296",2018-11-07,108
"1297",2018-11-08,107
"1298",2018-11-09,63
"1299",2018-11-10,55
"1300",2018-11-11,31
"1301",2018-11-12,85
"1302",2018-11-13,86
"1303",2018-11-14,93
"1304",2018-11-15,50
"1305",2018-11-16,86
"1306",2018-11-17,32
"1307",2018-11-18,44
"1308",2018-11-19,73
"1309",2018-11-20,72
"1310",2018-11-21,56
"1311",2018-11-22,9
"1312",2018-11-23,12
"1313",2018-11-24,20
"1314",2018-11-25,17
"1315",2018-11-26,29
"1316",2018-11-27,45
"1317",2018-11-28,70
"1318",2018-11-29,69
"1319",2018-11-30,70
"1320",2018-12-01,37
"1321",2018-12-02,58
"1322",2018-12-03,77
"1323",2018-12-04,76
"1324",2018-12-05,88
"1325",2018-12-06,61
"1326",2018-12-07,68
"1327",2018-12-08,42
"1328",2018-12-09,44
"1329",2018-12-10,65
"1330",2018-12-11,69
"1331",2018-12-12,68
"1332",2018-12-13,51
"1333",2018-12-14,33
"1334",2018-12-15,14
"1335",2018-12-16,8
"1336",2018-12-17,31
"1337",2018-12-18,36
"1338",2018-12-19,24
"1339",2018-12-20,23
"1340",2018-12-21,21
"1341",2018-12-22,7
"1342",2018-12-23,4
"1343",2018-12-24,5
"1344",2018-12-25,11
"1345",2018-12-26,22
"1346",2018-12-27,6
"1347",2018-12-28,18
"1348",2018-12-29,5
"1349",2018-12-30,11
"1350",2018-12-31,3
"1351",2019-01-01,2
"1352",2019-01-02,26
"1353",2019-01-03,27
"1354",2019-01-04,26
"1355",2019-01-05,18
"1356",2019-01-06,14
"1357",2019-01-07,52
"1358",2019-01-08,74
"1359",2019-01-09,59
"1360",2019-01-10,52
"1361",2019-01-11,50
"1362",2019-01-12,17
"1363",2019-01-13,23
"1364",2019-01-14,51
"1365",2019-01-15,50
"1366",2019-01-16,64
"1367",2019-01-17,57
"1368",2019-01-18,63
"1369",2019-01-19,12
"1370",2019-01-20,8
"1371",2019-01-21,13
"1372",2019-01-22,23
"1373",2019-01-23,42
"1374",2019-01-24,42
"1375",2019-01-25,31
"1376",2019-01-26,16
"1377",2019-01-27,17
"1378",2019-01-28,6
"1379",2019-01-29,15
"1380",2019-01-31,4
"1381",2019-02-01,20
"1382",2019-02-02,19
"1383",2019-02-03,41
"1384",2019-02-04,62
"1385",2019-02-05,40
"1386",2019-02-06,42
"1387",2019-02-07,38
"1388",2019-02-08,31
"1389",2019-02-09,34
"1390",2019-02-10,24
"1391",2019-02-11,41
"1392",2019-02-12,25
"1393",2019-02-13,41
"1394",2019-02-14,61
"1395",2019-02-15,42
"1396",2019-02-16,40
"1397",2019-02-17,24
"1398",2019-02-18,21
"1399",2019-02-19,65
"1400",2019-02-20,46
"1401",2019-02-21,64
"1402",2019-02-22,45
"1403",2019-02-23,23
"1404",2019-02-24,21
"1405",2019-02-25,50
"1406",2019-02-26,51
"1407",2019-02-27,52
"1408",2019-02-28,46
"1409",2019-03-01,55
"1410",2019-03-02,35
"1411",2019-03-03,25
"1412",2019-03-04,36
"1413",2019-03-05,47
"1414",2019-03-06,53
"1415",2019-03-07,41
"1416",2019-03-08,71
"1417",2019-03-09,29
"1418",2019-03-10,32
"1419",2019-03-11,57
"1420",2019-03-12,70
"1421",2019-03-13,60
"1422",2019-03-14,60
"1423",2019-03-15,57
"1424",2019-03-16,37
"1425",2019-03-17,27
"1426",2019-03-18,49
"1427",2019-03-19,68
"1428",2019-03-20,39
"1429",2019-03-21,51
"1430",2019-03-22,38
"1431",2019-03-23,23
"1432",2019-03-24,9
"1433",2019-03-25,33
"1434",2019-03-26,31
"1435",2019-03-27,45
"1436",2019-03-28,48
"1437",2019-03-29,32
"1438",2019-03-30,14
"1439",2019-03-31,16
"1440",2019-04-01,62
"1441",2019-04-02,56
"1442",2019-04-03,73
"1443",2019-04-04,67
"1444",2019-04-05,76
"1445",2019-04-06,59
"1446",2019-04-07,43
"1447",2019-04-08,78
"1448",2019-04-09,106
"1449",2019-04-10,69
"1450",2019-04-11,101
"1451",2019-04-12,74
"1452",2019-04-13,71
"1453",2019-04-14,7
"1454",2019-04-15,88
"1455",2019-04-16,101
"1456",2019-04-17,101
"1457",2019-04-18,59
"1458",2019-04-19,86
"1459",2019-04-20,61
"1460",2019-04-21,72
"1461",2019-04-22,82
"1462",2019-04-23,87
"1463",2019-04-24,94
"1464",2019-04-25,101
"1465",2019-04-26,99
"1466",2019-04-27,17
"1467",2019-04-28,41
"1468",2019-04-29,57
"1469",2019-04-30,38
"1470",2019-05-01,91
"1471",2019-05-02,46
"1472",2019-05-03,93
"1473",2019-05-04,67
"1474",2019-05-05,75
"1475",2019-05-06,82
"1476",2019-05-07,80
"1477",2019-05-08,105
"1478",2019-05-09,97
"1479",2019-05-10,102
"1480",2019-05-11,37
"1481",2019-05-12,39
"1482",2019-05-13,92
"1483",2019-05-14,129
"1484",2019-05-15,130
"1485",2019-05-16,95
"1486",2019-05-17,74
"1487",2019-05-18,51
"1488",2019-05-19,47
"1489",2019-05-20,93
"1490",2019-05-21,85
"1491",2019-05-22,124
"1492",2019-05-23,109
"1493",2019-05-24,85
"1494",2019-05-25,63
"1495",2019-05-26,47
"1496",2019-05-27,39
"1497",2019-05-28,90
"1498",2019-05-29,102
"1499",2019-05-30,134
"1500",2019-05-31,130
"1501",2019-06-01,60
"1502",2019-06-02,86
"1503",2019-06-03,82
"1504",2019-06-04,107
"1505",2019-06-05,128
"1506",2019-06-06,121
"1507",2019-06-07,130
"1508",2019-06-08,58
"1509",2019-06-09,51
"1510",2019-06-10,100
"1511",2019-06-11,114
"1512",2019-06-12,72
"1513",2019-06-13,86
"1514",2019-06-14,100
"1515",2019-06-15,35
"1516",2019-06-16,46
"1517",2019-06-17,73
"1518",2019-06-18,80
"1519",2019-06-19,75
"1520",2019-06-20,66
"1521",2019-06-21,75
"1522",2019-06-22,44
"1523",2019-06-23,36
"1524",2019-06-24,64
"1525",2019-06-25,74
"1526",2019-06-26,65
"1527",2019-06-27,65
"1528",2019-06-28,54
"1529",2019-06-29,49
"1530",2019-06-30,35
"1531",2019-07-01,68
"1532",2019-07-02,61
"1533",2019-07-03,85
"1534",2019-07-04,49
"1535",2019-07-05,37
"1536",2019-07-06,42
"1537",2019-07-07,30
"1538",2019-07-08,55
"1539",2019-07-09,89
"1540",2019-07-10,74
"1541",2019-07-11,100
"1542",2019-07-12,86
"1543",2019-07-13,34
"1544",2019-07-14,55
"1545",2019-07-15,54
"1546",2019-07-16,60
"1547",2019-07-17,71
"1548",2019-07-18,57
"1549",2019-07-19,61
"1550",2019-07-20,30
"1551",2019-07-21,32
"1552",2019-07-22,76
"1553",2019-07-23,84
"1554",2019-07-24,59
"1555",2019-07-25,79
"1556",2019-07-26,77
"1557",2019-07-27,42
"1558",2019-07-28,44
"1559",2019-07-29,44
"1560",2019-07-30,111
"1561",2019-07-31,71
"1562",2019-08-01,71
"1563",2019-08-02,70
"1564",2019-08-03,57
"1565",2019-08-04,55
"1566",2019-08-05,63
"1567",2019-08-06,70
"1568",2019-08-07,63
"1569",2019-08-08,81
"1570",2019-08-09,79
"1571",2019-08-10,40
"1572",2019-08-11,41
"1573",2019-08-12,89
"1574",2019-08-13,92
"1575",2019-08-14,89
"1576",2019-08-15,82
"1577",2019-08-16,88
"1578",2019-08-17,32
"1579",2019-08-18,30
"1580",2019-08-19,64
"1581",2019-08-20,72
"1582",2019-08-21,72
"1583",2019-08-22,80
"1584",2019-08-23,81
"1585",2019-08-24,52
"1586",2019-08-25,36
"1587",2019-08-26,46
"1588",2019-08-27,73
"1589",2019-08-28,56
"1590",2019-08-29,66
"1591",2019-08-30,46
"1592",2019-08-31,41
"1593",2019-09-01,27
"1594",2019-09-02,42
"1595",2019-09-03,38
"1596",2019-09-04,54
"1597",2019-09-05,75
"1598",2019-09-06,57
"1599",2019-09-07,37
"1600",2019-09-08,40
"1601",2019-09-09,88
"1602",2019-09-10,83
"1603",2019-09-11,82
"1604",2019-09-12,71
"1605",2019-09-13,77
"1606",2019-09-14,52
"1607",2019-09-15,25
"1608",2019-09-16,75
"1609",2019-09-17,92
"1610",2019-09-18,81
"1611",2019-09-19,103
"1612",2019-09-20,117
"1613",2019-09-21,37
"1614",2019-09-22,44
"1615",2019-09-23,93
"1616",2019-09-24,118
"1617",2019-09-25,124
"1618",2019-09-26,123
"1619",2019-09-27,64
"1620",2019-09-28,68
"1621",2019-09-29,41
"1622",2019-09-30,149
"1623",2019-10-01,149
"1624",2019-10-02,118
"1625",2019-10-03,150
"1626",2019-10-04,136
"1627",2019-10-05,73
"1628",2019-10-06,115
"1629",2019-10-07,149
"1630",2019-10-08,156
"1631",2019-10-09,148
"1632",2019-10-10,160
"1633",2019-10-11,103
"1634",2019-10-12,114
"1635",2019-10-13,120
"1636",2019-10-14,153
"1637",2019-10-15,125
"1638",2019-10-16,127
"1639",2019-10-17,147
"1640",2019-10-18,139
"1641",2019-10-19,102
"1642",2019-10-20,105
"1643",2019-10-21,132
"1644",2019-10-22,118
"1645",2019-10-23,141
"1646",2019-10-24,137
"1647",2019-10-25,143
"1648",2019-10-26,25
"1649",2019-10-27,101
"1650",2019-10-28,137
"1651",2019-10-29,122
"1652",2019-10-30,85
"1653",2019-10-31,74
"1654",2019-11-01,103
"1655",2019-11-02,82
"1656",2019-11-03,79
"1657",2019-11-04,135
"1658",2019-11-05,132
"1659",2019-11-06,138
"1660",2019-11-07,97
"1661",2019-11-08,85
"1662",2019-11-09,61
"1663",2019-11-10,66
"1664",2019-11-11,36
"1665",2019-11-12,61
"1666",2019-11-13,53
"1667",2019-11-14,61
"1668",2019-11-15,82
"1669",2019-11-16,75
"1670",2019-11-17,58
"1671",2019-11-18,102
"1672",2019-11-19,93
"1673",2019-11-20,118
"1674",2019-11-21,92
"1675",2019-11-22,95
"1676",2019-11-23,65
"1677",2019-11-24,70
"1678",2019-11-25,104
"1679",2019-11-26,89
"1680",2019-11-27,37
"1681",2019-11-28,11
"1682",2019-11-29,20
"1683",2019-11-30,10
"1684",2019-12-01,30
"1685",2019-12-02,80
"1686",2019-12-03,91
"1687",2019-12-04,90
"1688",2019-12-05,96
"1689",2019-12-06,82
"1690",2019-12-07,53
"1691",2019-12-08,57
"1692",2019-12-09,81
"1693",2019-12-10,51
"1694",2019-12-11,49
"1695",2019-12-12,58
"1696",2019-12-13,59
"1697",2019-12-14,20
"1698",2019-12-15,4
"1699",2019-12-16,29
"1700",2019-12-17,25
"1701",2019-12-18,23
"1702",2019-12-19,26
"1703",2019-12-20,34
"1704",2019-12-21,20
"1705",2019-12-22,7
"1706",2019-12-23,20
"1707",2019-12-24,12
"1708",2019-12-25,10
"1709",2019-12-26,17
"1710",2019-12-27,13
"1711",2019-12-28,10
"1712",2019-12-29,11
"1713",2019-12-30,16
"1714",2019-12-31,8
